sample_id,refactoring_type,pick_feature_count,source_class,target_class,picked_features,full_prompt
1,extract variable,5,SourceClass1,TargetClass1,Extract the expression as an array.; Four conditional statements check integer field equals zero for early method return.; Extract Parameter refactoring applied on local variable declaration.; Method takes integer parameter and calls itself recursively twice with same parameter.; Method creates Object array initialized with current class instance this.,"===== PROMPT SAMPLE 1 =====
[Description]
Task: Generate a complete, compilable Java program for refactoring engine testing. The target refactoring operation is: extract variable. Output only the Java source code with no extra text, descriptions or explanations. The generated Java program must satisfy all requirements in the Conditions and Features sections. Do not introduce any redundant logic beyond the required features.

[Conditions]
    1. Source class name: SourceClass1
    2. the method name of the variable to be extracted: refMethod
    3. mark the expressions for extracting local variables that need to be executed with special symbols:/*EXTRACT*/
    4. The package name: test.extractvar 

[Features]
- Extract the expression as an array.
- Four conditional statements check integer field equals zero for early method return.
- Extract Parameter refactoring applied on local variable declaration.
- Method takes integer parameter and calls itself recursively twice with same parameter.
- Method creates Object array initialized with current class instance this."
